Workbook

Sheet Final
A1: Year | B1: Month | C1: Day | D1: Hour | E1: Weekday | F1: Total events
A2: 2025 | B2: 4 | C2: 30 | D2: 00-01 | E2: Wednesday | F2: 21
A3: 2025 | B3: 4 | C3: 30 | D3: 03-04 | E3: Wednesday | F3: 1
A4: 2025 | B4: 4 | C4: 30 | D4: 04-05 | E4: Wednesday | F4: 3
A5: 2025 | B5: 4 | C5: 30 | D5: 05-06 | E5: Wednesday | F5: 3
A6: 2025 | B6: 4 | C6: 30 | D6: 06-07 | E6: Wednesday | F6: 11
A7: 2025 | B7: 4 | C7: 30 | D7: 07-08 | E7: Wednesday | F7: 6
A8: 2025 | B8: 4 | C8: 30 | D8: 08-09 | E8: Wednesday | F8: 2
A9: 2025 | B9: 4 | C9: 30 | D9: 09-10 | E9: Wednesday | F9: 2
A10: 2025 | B10: 4 | C10: 30 | D10: 10-11 | E10: Wednesday | F10: 1
A11: 2025 | B11: 4 | C11: 30 | D11: 11-12 | E11: Wednesday | F11: 1
A12: 2025 | B12: 4 | C12: 30 | D12: 12-13 | E12: Wednesday | F12: 2
A13: 2025 | B13: 4 | C13: 30 | D13: 20-21 | E13: Wednesday | F13: 1
... A5353: 2025 | B5353: 12 | C5353: 9 | D5353: 11-12 | E5353: Tuesday | F5353: 11

Sheet Untitled Report_Insights_2025-0
A1: Start Timestamp | B1: Start Timestamp | C1: Start Timestamp | D1: Start Timestamp | E1: Hour | F1: Total Events of Charging Ended | I1: Year | J1: Month | K1: Day | L1: Hour | M1: Weekday | N1: Total events | Q1: Year | R1: Month | S1: Day | T1: Hour | U1: Weekday | V1: Total events
A2: 2025 | B2: 45748 | C2: Apr 30, 2025 | D2: Wednesday | E2: 00-01 | F2: 21 | I2: =A2 -> 2025 | J2: =INDEX(Sheet1!F:F,MATCH('Untitled Report_Insights_2025-0'!B2,Sheet1!E:E,0)) -> 4 | K2: =INDEX(Sheet1!B:B,MATCH('Untitled Report_Insights_2025-0'!C2,Sheet1!A:A,0)) -> 30 | L2: =INDEX(Sheet1!J:J,MATCH('Untitled Report_Insights_2025-0'!E2,Sheet1!I:I,0)) -> 00-01 | M2: =D2 -> Wednesday | N2: =F2 -> 21 | Q2: 2025 | R2: 4 | S2: 30 | T2: 00-01 | U2: Wednesday | V2: 21
A3: 2025 | B3: 45748 | C3: Apr 30, 2025 | D3: Wednesday | E3: 45750 | F3: 1 | I3: =A3 -> 2025 | J3: =INDEX(Sheet1!F:F,MATCH('Untitled Report_Insights_2025-0'!B3,Sheet1!E:E,0)) -> 4 | K3: =INDEX(Sheet1!B:B,MATCH('Untitled Report_Insights_2025-0'!C3,Sheet1!A:A,0)) -> 30 | L3: =INDEX(Sheet1!J:J,MATCH('Untitled Report_Insights_2025-0'!E3,Sheet1!I:I,0)) -> 03-04 | M3: =D3 -> Wednesday | N3: =F3 -> 1 | Q3: 2025 | R3: 4 | S3: 30 | T3: 03-04 | U3: Wednesday | V3: 1
A4: 2025 | B4: 45748 | C4: Apr 30, 2025 | D4: Wednesday | E4: 45781 | F4: 3 | I4: =A4 -> 2025 | J4: =INDEX(Sheet1!F:F,MATCH('Untitled Report_Insights_2025-0'!B4,Sheet1!E:E,0)) -> 4 | K4: =INDEX(Sheet1!B:B,MATCH('Untitled Report_Insights_2025-0'!C4,Sheet1!A:A,0)) -> 30 | L4: =INDEX(Sheet1!J:J,MATCH('Untitled Report_Insights_2025-0'!E4,Sheet1!I:I,0)) -> 04-05 | M4: =D4 -> Wednesday | N4: =F4 -> 3 | Q4: 2025 | R4: 4 | S4: 30 | T4: 04-05 | U4: Wednesday | V4: 3
A5: 2025 | B5: 45748 | C5: Apr 30, 2025 | D5: Wednesday | E5: 45813 | F5: 3 | I5: =A5 -> 2025 | J5: =INDEX(Sheet1!F:F,MATCH('Untitled Report_Insights_2025-0'!B5,Sheet1!E:E,0)) -> 4 | K5: =INDEX(Sheet1!B:B,MATCH('Untitled Report_Insights_2025-0'!C5,Sheet1!A:A,0)) -> 30 | L5: =INDEX(Sheet1!J:J,MATCH('Untitled Report_Insights_2025-0'!E5,Sheet1!I:I,0)) -> 05-06 | M5: =D5 -> Wednesday | N5: =F5 -> 3 | Q5: 2025 | R5: 4 | S5: 30 | T5: 05-06 | U5: Wednesday | V5: 3
A6: 2025 | B6: 45748 | C6: Apr 30, 2025 | D6: Wednesday | E6: 45844 | F6: 11 | I6: =A6 -> 2025 | J6: =INDEX(Sheet1!F:F,MATCH('Untitled Report_Insights_2025-0'!B6,Sheet1!E:E,0)) -> 4 | K6: =INDEX(Sheet1!B:B,MATCH('Untitled Report_Insights_2025-0'!C6,Sheet1!A:A,0)) -> 30 | L6: =INDEX(Sheet1!J:J,MATCH('Untitled Report_Insights_2025-0'!E6,Sheet1!I:I,0)) -> 06-07 | M6: =D6 -> Wednesday | N6: =F6 -> 11 | Q6: 2025 | R6: 4 | S6: 30 | T6: 06-07 | U6: Wednesday | V6: 11
A7: 2025 | B7: 45748 | C7: Apr 30, 2025 | D7: Wednesday | E7: 45876 | F7: 6 | I7: =A7 -> 2025 | J7: =INDEX(Sheet1!F:F,MATCH('Untitled Report_Insights_2025-0'!B7,Sheet1!E:E,0)) -> 4 | K7: =INDEX(Sheet1!B:B,MATCH('Untitled Report_Insights_2025-0'!C7,Sheet1!A:A,0)) -> 30 | L7: =INDEX(Sheet1!J:J,MATCH('Untitled Report_Insights_2025-0'!E7,Sheet1!I:I,0)) -> 07-08 | M7: =D7 -> Wednesday | N7: =F7 -> 6 | Q7: 2025 | R7: 4 | S7: 30 | T7: 07-08 | U7: Wednesday | V7: 6
A8: 2025 | B8: 45748 | C8: Apr 30, 2025 | D8: Wednesday | E8: 45908 | F8: 2 | I8: =A8 -> 2025 | J8: =INDEX(Sheet1!F:F,MATCH('Untitled Report_Insights_2025-0'!B8,Sheet1!E:E,0)) -> 4 | K8: =INDEX(Sheet1!B:B,MATCH('Untitled Report_Insights_2025-0'!C8,Sheet1!A:A,0)) -> 30 | L8: =INDEX(Sheet1!J:J,MATCH('Untitled Report_Insights_2025-0'!E8,Sheet1!I:I,0)) -> 08-09 | M8: =D8 -> Wednesday | N8: =F8 -> 2 | Q8: 2025 | R8: 4 | S8: 30 | T8: 08-09 | U8: Wednesday | V8: 2
A9: 2025 | B9: 45748 | C9: Apr 30, 2025 | D9: Wednesday | E9: 45939 | F9: 2 | I9: =A9 -> 2025 | J9: =INDEX(Sheet1!F:F,MATCH('Untitled Report_Insights_2025-0'!B9,Sheet1!E:E,0)) -> 4 | K9: =INDEX(Sheet1!B:B,MATCH('Untitled Report_Insights_2025-0'!C9,Sheet1!A:A,0)) -> 30 | L9: =INDEX(Sheet1!J:J,MATCH('Untitled Report_Insights_2025-0'!E9,Sheet1!I:I,0)) -> 09-10 | M9: =D9 -> Wednesday | N9: =F9 -> 2 | Q9: 2025 | R9: 4 | S9: 30 | T9: 09-10 | U9: Wednesday | V9: 2
A10: 2025 | B10: 45748 | C10: Apr 30, 2025 | D10: Wednesday | E10: 45971 | F10: 1 | I10: =A10 -> 2025 | J10: =INDEX(Sheet1!F:F,MATCH('Untitled Report_Insights_2025-0'!B10,Sheet1!E:E,0)) -> 4 | K10: =INDEX(Sheet1!B:B,MATCH('Untitled Report_Insights_2025-0'!C10,Sheet1!A:A,0)) -> 30 | L10: =INDEX(Sheet1!J:J,MATCH('Untitled Report_Insights_2025-0'!E10,Sheet1!I:I,0)) -> 10-11 | M10: =D10 -> Wednesday | N10: =F10 -> 1 | Q10: 2025 | R10: 4 | S10: 30 | T10: 10-11 | U10: Wednesday | V10: 1
A11: 2025 | B11: 45748 | C11: Apr 30, 2025 | D11: Wednesday | E11: 46002 | F11: 1 | I11: =A11 -> 2025 | J11: =INDEX(Sheet1!F:F,MATCH('Untitled Report_Insights_2025-0'!B11,Sheet1!E:E,0)) -> 4 | K11: =INDEX(Sheet1!B:B,MATCH('Untitled Report_Insights_2025-0'!C11,Sheet1!A:A,0)) -> 30 | L11: =INDEX(Sheet1!J:J,MATCH('Untitled Report_Insights_2025-0'!E11,Sheet1!I:I,0)) -> 11-12 | M11: =D11 -> Wednesday | N11: =F11 -> 1 | Q11: 2025 | R11: 4 | S11: 30 | T11: 11-12 | U11: Wednesday | V11: 1
A12: 2025 | B12: 45748 | C12: Apr 30, 2025 | D12: Wednesday | E12: 41609 | F12: 2 | I12: =A12 -> 2025 | J12: =INDEX(Sheet1!F:F,MATCH('Untitled Report_Insights_2025-0'!B12,Sheet1!E:E,0)) -> 4 | K12: =INDEX(Sheet1!B:B,MATCH('Untitled Report_Insights_2025-0'!C12,Sheet1!A:A,0)) -> 30 | L12: =INDEX(Sheet1!J:J,MATCH('Untitled Report_Insights_2025-0'!E12,Sheet1!I:I,0)) -> 12-13 | M12: =D12 -> Wednesday | N12: =F12 -> 2 | Q12: 2025 | R12: 4 | S12: 30 | T12: 12-13 | U12: Wednesday | V12: 2
A13: 2025 | B13: 45748 | C13: Apr 30, 2025 | D13: Wednesday | E13: 20-21 | F13: 1 | I13: =A13 -> 2025 | J13: =INDEX(Sheet1!F:F,MATCH('Untitled Report_Insights_2025-0'!B13,Sheet1!E:E,0)) -> 4 | K13: =INDEX(Sheet1!B:B,MATCH('Untitled Report_Insights_2025-0'!C13,Sheet1!A:A,0)) -> 30 | L13: =INDEX(Sheet1!J:J,MATCH('Untitled Report_Insights_2025-0'!E13,Sheet1!I:I,0)) -> 20-21 | M13: =D13 -> Wednesday | N13: =F13 -> 1 | Q13: 2025 | R13: 4 | S13: 30 | T13: 20-21 | U13: Wednesday | V13: 1
A14: 2025 | B14: 45870 | C14: Aug 1, 2025 | D14: Friday | E14: 00-01 | F14: 90 | I14: =A14 -> 2025 | J14: =INDEX(Sheet1!F:F,MATCH('Untitled Report_Insights_2025-0'!B14,Sheet1!E:E,0)) -> 8 | K14: =INDEX(Sheet1!B:B,MATCH('Untitled Report_Insights_2025-0'!C14,Sheet1!A:A,0)) -> 1 | L14: =INDEX(Sheet1!J:J,MATCH('Untitled Report_Insights_2025-0'!E14,Sheet1!I:I,0)) -> 00-01 | M14: =D14 -> Friday | N14: =F14 -> 90 | Q14: 2025 | R14: 5 | S14: 1 | T14: 00-01 | U14: Thursday | V14: 41
A15: 2025 | B15: 45870 | C15: Aug 1, 2025 | D15: Friday | E15: 45689 | F15: 30 | I15: =A15 -> 2025 | J15: =INDEX(Sheet1!F:F,MATCH('Untitled Report_Insights_2025-0'!B15,Sheet1!E:E,0)) -> 8 | K15: =INDEX(Sheet1!B:B,MATCH('Untitled Report_Insights_2025-0'!C15,Sheet1!A:A,0)) -> 1 | L15: =INDEX(Sheet1!J:J,MATCH('Untitled Report_Insights_2025-0'!E15,Sheet1!I:I,0)) -> 01-02 | M15: =D15 -> Friday | N15: =F15 -> 30 | Q15: 2025 | R15: 5 | S15: 1 | T15: 01-02 | U15: Thursday | V15: 16
A16: 2025 | B16: 45870 | C16: Aug 1, 2025 | D16: Friday | E16: 45718 | F16: 20 | I16: =A16 -> 2025 | J16: =INDEX(Sheet1!F:F,MATCH('Untitled Report_Insights_2025-0'!B16,Sheet1!E:E,0)) -> 8 | K16: =INDEX(Sheet1!B:B,MATCH('Untitled Report_Insights_2025-0'!C16,Sheet1!A:A,0)) -> 1 | L16: =INDEX(Sheet1!J:J,MATCH('Untitled Report_Insights_2025-0'!E16,Sheet1!I:I,0)) -> 02-03 | M16: =D16 -> Friday | N16: =F16 -> 20 | Q16: 2025 | R16: 5 | S16: 1 | T16: 02-03 | U16: Thursday | V16: 18
A17: 2025 | B17: 45870 | C17: Aug 1, 2025 | D17: Friday | E17: 45750 | F17: 27 | I17: =A17 -> 2025 | J17: =INDEX(Sheet1!F:F,MATCH('Untitled Report_Insights_2025-0'!B17,Sheet1!E:E,0)) -> 8 | K17: =INDEX(Sheet1!B:B,MATCH('Untitled Report_Insights_2025-0'!C17,Sheet1!A:A,0)) -> 1 | L17: =INDEX(Sheet1!J:J,MATCH('Untitled Report_Insights_2025-0'!E17,Sheet1!I:I,0)) -> 03-04 | M17: =D17 -> Friday | N17: =F17 -> 27 | Q17: 2025 | R17: 5 | S17: 1 | T17: 03-04 | U17: Thursday | V17: 11
A18: 2025 | B18: 45870 | C18: Aug 1, 2025 | D18: Friday | E18: 45781 | F18: 19 | I18: =A18 -> 2025 | J18: =INDEX(Sheet1!F:F,MATCH('Untitled Report_Insights_2025-0'!B18,Sheet1!E:E,0)) -> 8 | K18: =INDEX(Sheet1!B:B,MATCH('Untitled Report_Insights_2025-0'!C18,Sheet1!A:A,0)) -> 1 | L18: =INDEX(Sheet1!J:J,MATCH('Untitled Report_Insights_2025-0'!E18,Sheet1!I:I,0)) -> 04-05 | M18: =D18 -> Friday | N18: =F18 -> 19 | Q18: 2025 | R18: 5 | S18: 1 | T18: 04-05 | U18: Thursday | V18: 13
A19: 2025 | B19: 45870 | C19: Aug 1, 2025 | D19: Friday | E19: 45813 | F19: 25 | I19: =A19 -> 2025 | J19: =INDEX(Sheet1!F:F,MATCH('Untitled Report_Insights_2025-0'!B19,Sheet1!E:E,0)) -> 8 | K19: =INDEX(Sheet1!B:B,MATCH('Untitled Report_Insights_2025-0'!C19,Sheet1!A:A,0)) -> 1 | L19: =INDEX(Sheet1!J:J,MATCH('Untitled Report_Insights_2025-0'!E19,Sheet1!I:I,0)) -> 05-06 | M19: =D19 -> Friday | N19: =F19 -> 25 | Q19: 2025 | R19: 5 | S19: 1 | T19: 05-06 | U19: Thursday | V19: 13
A20: 2025 | B20: 45870 | C20: Aug 1, 2025 | D20: Friday | E20: 45844 | F20: 29 | I20: =A20 -> 2025 | J20: =INDEX(Sheet1!F:F,MATCH('Untitled Report_Insights_2025-0'!B20,Sheet1!E:E,0)) -> 8 | K20: =INDEX(Sheet1!B:B,MATCH('Untitled Report_Insights_2025-0'!C20,Sheet1!A:A,0)) -> 1 | L20: =INDEX(Sheet1!J:J,MATCH('Untitled Report_Insights_2025-0'!E20,Sheet1!I:I,0)) -> 06-07 | M20: =D20 -> Friday | N20: =F20 -> 29 | Q20: 2025 | R20: 5 | S20: 1 | T20: 06-07 | U20: Thursday | V20: 38
A21: 2025 | B21: 45870 | C21: Aug 1, 2025 | D21: Friday | E21: 45876 | F21: 100 | I21: =A21 -> 2025 | J21: =INDEX(Sheet1!F:F,MATCH('Untitled Report_Insights_2025-0'!B21,Sheet1!E:E,0)) -> 8 | K21: =INDEX(Sheet1!B:B,MATCH('Untitled Report_Insights_2025-0'!C21,Sheet1!A:A,0)) -> 1 | L21: =INDEX(Sheet1!J:J,MATCH('Untitled Report_Insights_2025-0'!E21,Sheet1!I:I,0)) -> 07-08 | M21: =D21 -> Friday | N21: =F21 -> 100 | Q21: 2025 | R21: 5 | S21: 1 | T21: 07-08 | U21: Thursday | V21: 54
A22: 2025 | B22: 45870 | C22: Aug 1, 2025 | D22: Friday | E22: 45908 | F22: 132 | I22: =A22 -> 2025 | J22: =INDEX(Sheet1!F:F,MATCH('Untitled Report_Insights_2025-0'!B22,Sheet1!E:E,0)) -> 8 | K22: =INDEX(Sheet1!B:B,MATCH('Untitled Report_Insights_2025-0'!C22,Sheet1!A:A,0)) -> 1 | L22: =INDEX(Sheet1!J:J,MATCH('Untitled Report_Insights_2025-0'!E22,Sheet1!I:I,0)) -> 08-09 | M22: =D22 -> Friday | N22: =F22 -> 132 | Q22: 2025 | R22: 5 | S22: 1 | T22: 08-09 | U22: Thursday | V22: 100
A23: 2025 | B23: 45870 | C23: Aug 1, 2025 | D23: Friday | E23: 45939 | F23: 256 | I23: =A23 -> 2025 | J23: =INDEX(Sheet1!F:F,MATCH('Untitled Report_Insights_2025-0'!B23,Sheet1!E:E,0)) -> 8 | K23: =INDEX(Sheet1!B:B,MATCH('Untitled Report_Insights_2025-0'!C23,Sheet1!A:A,0)) -> 1 | L23: =INDEX(Sheet1!J:J,MATCH('Untitled Report_Insights_2025-0'!E23,Sheet1!I:I,0)) -> 09-10 | M23: =D23 -> Friday | N23: =F23 -> 256 | Q23: 2025 | R23: 5 | S23: 1 | T23: 09-10 | U23: Thursday | V23: 139
A24: 2025 | B24: 45870 | C24: Aug 1, 2025 | D24: Friday | E24: 45971 | F24: 378 | I24: =A24 -> 2025 | J24: =INDEX(Sheet1!F:F,MATCH('Untitled Report_Insights_2025-0'!B24,Sheet1!E:E,0)) -> 8 | K24: =INDEX(Sheet1!B:B,MATCH('Untitled Report_Insights_2025-0'!C24,Sheet1!A:A,0)) -> 1 | L24: =INDEX(Sheet1!J:J,MATCH('Untitled Report_Insights_2025-0'!E24,Sheet1!I:I,0)) -> 10-11 | M24: =D24 -> Friday | N24: =F24 -> 378 | Q24: 2025 | R24: 5 | S24: 1 | T24: 10-11 | U24: Thursday | V24: 211
A25: 2025 | B25: 45870 | C25: Aug 1, 2025 | D25: Friday | E25: 46002 | F25: 522 | I25: =A25 -> 2025 | J25: =INDEX(Sheet1!F:F,MATCH('Untitled Report_Insights_2025-0'!B25,Sheet1!E:E,0)) -> 8 | K25: =INDEX(Sheet1!B:B,MATCH('Untitled Report_Insights_2025-0'!C25,Sheet1!A:A,0)) -> 1 | L25: =INDEX(Sheet1!J:J,MATCH('Untitled Report_Insights_2025-0'!E25,Sheet1!I:I,0)) -> 11-12 | M25: =D25 -> Friday | N25: =F25 -> 522 | Q25: 2025 | R25: 5 | S25: 1 | T25: 11-12 | U25: Thursday | V25: 270
A26: 2025 | B26: 45870 | C26: Aug 1, 2025 | D26: Friday | E26: 41609 | F26: 614 | I26: =A26 -> 2025 | J26: =INDEX(Sheet1!F:F,MATCH('Untitled Report_Insights_2025-0'!B26,Sheet1!E:E,0)) -> 8 | K26: =INDEX(Sheet1!B:B,MATCH('Untitled Report_Insights_2025-0'!C26,Sheet1!A:A,0)) -> 1 | L26: =INDEX(Sheet1!J:J,MATCH('Untitled Report_Insights_2025-0'!E26,Sheet1!I:I,0)) -> 12-13 | M26: =D26 -> Friday | N26: =F26 -> 614 | Q26: 2025 | R26: 5 | S26: 1 | T26: 12-13 | U26: Thursday | V26: 342
A27: 2025 | B27: 45870 | C27: Aug 1, 2025 | D27: Friday | E27: 13-14 | F27: 644 | I27: =A27 -> 2025 | J27: =INDEX(Sheet1!F:F,MATCH('Untitled Report_Insights_2025-0'!B27,Sheet1!E:E,0)) -> 8 | K27: =INDEX(Sheet1!B:B,MATCH('Untitled Report_Insights_2025-0'!C27,Sheet1!A:A,0)) -> 1 | L27: =INDEX(Sheet1!J:J,MATCH('Untitled Report_Insights_2025-0'!E27,Sheet1!I:I,0)) -> 13-14 | M27: =D27 -> Friday | N27: =F27 -> 644 | Q27: 2025 | R27: 5 | S27: 1 | T27: 13-14 | U27: Thursday | V27: 340
A28: 2025 | B28: 45870 | C28: Aug 1, 2025 | D28: Friday | E28: 14-15 | F28: 635 | I28: =A28 -> 2025 | J28: =INDEX(Sheet1!F:F,MATCH('Untitled Report_Insights_2025-0'!B28,Sheet1!E:E,0)) -> 8 | K28: =INDEX(Sheet1!B:B,MATCH('Untitled Report_Insights_2025-0'!C28,Sheet1!A:A,0)) -> 1 | L28: =INDEX(Sheet1!J:J,MATCH('Untitled Report_Insights_2025-0'!E28,Sheet1!I:I,0)) -> 14-15 | M28: =D28 -> Friday | N28: =F28 -> 635 | Q28: 2025 | R28: 5 | S28: 1 | T28: 14-15 | U28: Thursday | V28: 363
A29: 2025 | B29: 45870 | C29: Aug 1, 2025 | D29: Friday | E29: 15-16 | F29: 633 | I29: =A29 -> 2025 | J29: =INDEX(Sheet1!F:F,MATCH('Untitled Report_Insights_2025-0'!B29,Sheet1!E:E,0)) -> 8 | K29: =INDEX(Sheet1!B:B,MATCH('Untitled Report_Insights_2025-0'!C29,Sheet1!A:A,0)) -> 1 | L29: =INDEX(Sheet1!J:J,MATCH('Untitled Report_Insights_2025-0'!E29,Sheet1!I:I,0)) -> 15-16 | M29: =D29 -> Friday | N29: =F29 -> 633 | Q29: 2025 | R29: 5 | S29: 1 | T29: 15-16 | U29: Thursday | V29: 350
A30: 2025 | B30: 45870 | C30: Aug 1, 2025 | D30: Friday | E30: 16-17 | F30: 643 | I30: =A30 -> 2025 | J30: =INDEX(Sheet1!F:F,MATCH('Untitled Report_Insights_2025-0'!B30,Sheet1!E:E,0)) -> 8 | K30: =INDEX(Sheet1!B:B,MATCH('Untitled Report_Insights_2025-0'!C30,Sheet1!A:A,0)) -> 1 | L30: =INDEX(Sheet1!J:J,MATCH('Untitled Report_Insights_2025-0'!E30,Sheet1!I:I,0)) -> 16-17 | M30: =D30 -> Friday | N30: =F30 -> 643 | Q30: 2025 | R30: 5 | S30: 1 | T30: 16-17 | U30: Thursday | V30: 319
A31: 2025 | B31: 45870 | C31: Aug 1, 2025 | D31: Friday | E31: 17-18 | F31: 592 | I31: =A31 -> 2025 | J31: =INDEX(Sheet1!F:F,MATCH('Untitled Report_Insights_2025-0'!B31,Sheet1!E:E,0)) -> 8 | K31: =INDEX(Sheet1!B:B,MATCH('Untitled Report_Insights_2025-0'!C31,Sheet1!A:A,0)) -> 1 | L31: =INDEX(Sheet1!J:J,MATCH('Untitled Report_Insights_2025-0'!E31,Sheet1!I:I,0)) -> 17-18 | M31: =D31 -> Friday | N31: =F31 -> 592 | Q31: 2025 | R31: 5 | S31: 1 | T31: 17-18 | U31: Thursday | V31: 257
A32: 2025 | B32: 45870 | C32: Aug 1, 2025 | D32: Friday | E32: 18-19 | F32: 493 | I32: =A32 -> 2025 | J32: =INDEX(Sheet1!F:F,MATCH('Untitled Report_Insights_2025-0'!B32,Sheet1!E:E,0)) -> 8 | K32: =INDEX(Sheet1!B:B,MATCH('Untitled Report_Insights_2025-0'!C32,Sheet1!A:A,0)) -> 1 | L32: =INDEX(Sheet1!J:J,MATCH('Untitled Report_Insights_2025-0'!E32,Sheet1!I:I,0)) -> 18-19 | M32: =D32 -> Friday | N32: =F32 -> 493 | Q32: 2025 | R32: 5 | S32: 1 | T32: 18-19 | U32: Thursday | V32: 191
A33: 2025 | B33: 45870 | C33: Aug 1, 2025 | D33: Friday | E33: 19-20 | F33: 396 | I33: =A33 -> 2025 | J33: =INDEX(Sheet1!F:F,MATCH('Untitled Report_Insights_2025-0'!B33,Sheet1!E:E,0)) -> 8 | K33: =INDEX(Sheet1!B:B,MATCH('Untitled Report_Insights_2025-0'!C33,Sheet1!A:A,0)) -> 1 | L33: =INDEX(Sheet1!J:J,MATCH('Untitled Report_Insights_2025-0'!E33,Sheet1!I:I,0)) -> 19-20 | M33: =D33 -> Friday | N33: =F33 -> 396 | Q33: 2025 | R33: 5 | S33: 1 | T33: 19-20 | U33: Thursday | V33: 189
A34: 2025 | B34: 45870 | C34: Aug 1, 2025 | D34: Friday | E34: 20-21 | F34: 325 | I34: =A34 -> 2025 | J34: =INDEX(Sheet1!F:F,MATCH('Untitled Report_Insights_2025-0'!B34,Sheet1!E:E,0)) -> 8 | K34: =INDEX(Sheet1!B:B,MATCH('Untitled Report_Insights_2025-0'!C34,Sheet1!A:A,0)) -> 1 | L34: =INDEX(Sheet1!J:J,MATCH('Untitled Report_Insights_2025-0'!E34,Sheet1!I:I,0)) -> 20-21 | M34: =D34 -> Friday | N34: =F34 -> 325 | Q34: 2025 | R34: 5 | S34: 1 | T34: 20-21 | U34: Thursday | V34: 168
A35: 2025 | B35: 45870 | C35: Aug 1, 2025 | D35: Friday | E35: 21-22 | F35: 275 | I35: =A35 -> 2025 | J35: =INDEX(Sheet1!F:F,MATCH('Untitled Report_Insights_2025-0'!B35,Sheet1!E:E,0)) -> 8 | K35: =INDEX(Sheet1!B:B,MATCH('Untitled Report_Insights_2025-0'!C35,Sheet1!A:A,0)) -> 1 | L35: =INDEX(Sheet1!J:J,MATCH('Untitled Report_Insights_2025-0'!E35,Sheet1!I:I,0)) -> 21-22 | M35: =D35 -> Friday | N35: =F35 -> 275 | Q35: 2025 | R35: 5 | S35: 1 | T35: 21-22 | U35: Thursday | V35: 116
A36: 2025 | B36: 45870 | C36: Aug 1, 2025 | D36: Friday | E36: 22-23 | F36: 168 | I36: =A36 -> 2025 | J36: =INDEX(Sheet1!F:F,MATCH('Untitled Report_Insights_2025-0'!B36,Sheet1!E:E,0)) -> 8 | K36: =INDEX(Sheet1!B:B,MATCH('Untitled Report_Insights_2025-0'!C36,Sheet1!A:A,0)) -> 1 | L36: =INDEX(Sheet1!J:J,MATCH('Untitled Report_Insights_2025-0'!E36,Sheet1!I:I,0)) -> 22-23 | M36: =D36 -> Friday | N36: =F36 -> 168 | Q36: 2025 | R36: 5 | S36: 1 | T36: 22-23 | U36: Thursday | V36: 93
A37: 2025 | B37: 45870 | C37: Aug 1, 2025 | D37: Friday | E37: 23-00 | F37: 110 | I37: =A37 -> 2025 | J37: =INDEX(Sheet1!F:F,MATCH('Untitled Report_Insights_2025-0'!B37,Sheet1!E:E,0)) -> 8 | K37: =INDEX(Sheet1!B:B,MATCH('Untitled Report_Insights_2025-0'!C37,Sheet1!A:A,0)) -> 1 | L37: =INDEX(Sheet1!J:J,MATCH('Untitled Report_Insights_2025-0'!E37,Sheet1!I:I,0)) -> 23-00 | M37: =D37 -> Friday | N37: =F37 -> 110 | Q37: 2025 | R37: 5 | S37: 1 | T37: 23-00 | U37: Thursday | V37: 51
A38: 2025 | B38: 45870 | C38: Aug 10, 2025 | D38: Sunday | E38: 00-01 | F38: 81 | I38: =A38 -> 2025 | J38: =INDEX(Sheet1!F:F,MATCH('Untitled Report_Insights_2025-0'!B38,Sheet1!E:E,0)) -> 8 | K38: =INDEX(Sheet1!B:B,MATCH('Untitled Report_Insights_2025-0'!C38,Sheet1!A:A,0)) -> 10 | L38: =INDEX(Sheet1!J:J,MATCH('Untitled Report_Insights_2025-0'!E38,Sheet1!I:I,0)) -> 00-01 | M38: =D38 -> Sunday | N38: =F38 -> 81 | Q38: 2025 | R38: 5 | S38: 2 | T38: 00-01 | U38: Friday | V38: 43
A39: 2025 | B39: 45870 | C39: Aug 10, 2025 | D39: Sunday | E39: 45689 | F39: 47 | I39: =A39 -> 2025 | J39: =INDEX(Sheet1!F:F,MATCH('Untitled Report_Insights_2025-0'!B39,Sheet1!E:E,0)) -> 8 | K39: =INDEX(Sheet1!B:B,MATCH('Untitled Report_Insights_2025-0'!C39,Sheet1!A:A,0)) -> 10 | L39: =INDEX(Sheet1!J:J,MATCH('Untitled Report_Insights_2025-0'!E39,Sheet1!I:I,0)) -> 01-02 | M39: =D39 -> Sunday | N39: =F39 -> 47 | Q39: 2025 | R39: 5 | S39: 2 | T39: 01-02 | U39: Friday | V39: 17
A40: 2025 | B40: 45870 | C40: Aug 10, 2025 | D40: Sunday | E40: 45718 | F40: 39 | I40: =A40 -> 2025 | J40: =INDEX(Sheet1!F:F,MATCH('Untitled Report_Insights_2025-0'!B40,Sheet1!E:E,0)) -> 8 | K40: =INDEX(Sheet1!B:B,MATCH('Untitled Report_Insights_2025-0'!C40,Sheet1!A:A,0)) -> 10 | L40: =INDEX(Sheet1!J:J,MATCH('Untitled Report_Insights_2025-0'!E40,Sheet1!I:I,0)) -> 02-03 | M40: =D40 -> Sunday | N40: =F40 -> 39 | Q40: 2025 | R40: 5 | S40: 2 | T40: 02-03 | U40: Friday | V40: 10
A41: 2025 | B41: 45870 | C41: Aug 10, 2025 | D41: Sunday | E41: 45750 | F41: 27 | I41: =A41 -> 2025 | J41: =INDEX(Sheet1!F:F,MATCH('Untitled Report_Insights_2025-0'!B41,Sheet1!E:E,0)) -> 8 | K41: =INDEX(Sheet1!B:B,MATCH('Untitled Report_Insights_2025-0'!C41,Sheet1!A:A,0)) -> 10 | L41: =INDEX(Sheet1!J:J,MATCH('Untitled Report_Insights_2025-0'!E41,Sheet1!I:I,0)) -> 03-04 | M41: =D41 -> Sunday | N41: =F41 -> 27 | Q41: 2025 | R41: 5 | S41: 2 | T41: 03-04 | U41: Friday | V41: 12
A42: 2025 | B42: 45870 | C42: Aug 10, 2025 | D42: Sunday | E42: 45781 | F42: 35 | I42: =A42 -> 2025 | J42: =INDEX(Sheet1!F:F,MATCH('Untitled Report_Insights_2025-0'!B42,Sheet1!E:E,0)) -> 8 | K42: =INDEX(Sheet1!B:B,MATCH('Untitled Report_Insights_2025-0'!C42,Sheet1!A:A,0)) -> 10 | L42: =INDEX(Sheet1!J:J,MATCH('Untitled Report_Insights_2025-0'!E42,Sheet1!I:I,0)) -> 04-05 | M42: =D42 -> Sunday | N42: =F42 -> 35 | Q42: 2025 | R42: 5 | S42: 2 | T42: 04-05 | U42: Friday | V42: 5
A43: 2025 | B43: 45870 | C43: Aug 10, 2025 | D43: Sunday | E43: 45813 | F43: 33 | I43: =A43 -> 2025 | J43: =INDEX(Sheet1!F:F,MATCH('Untitled Report_Insights_2025-0'!B43,Sheet1!E:E,0)) -> 8 | K43: =INDEX(Sheet1!B:B,MATCH('Untitled Report_Insights_2025-0'!C43,Sheet1!A:A,0)) -> 10 | L43: =INDEX(Sheet1!J:J,MATCH('Untitled Report_Insights_2025-0'!E43,Sheet1!I:I,0)) -> 05-06 | M43: =D43 -> Sunday | N43: =F43 -> 33 | Q43: 2025 | R43: 5 | S43: 2 | T43: 05-06 | U43: Friday | V43: 9
A44: 2025 | B44: 45870 | C44: Aug 10, 2025 | D44: Sunday | E44: 45844 | F44: 38 | I44: =A44 -> 2025 | J44: =INDEX(Sheet1!F:F,MATCH('Untitled Report_Insights_2025-0'!B44,Sheet1!E:E,0)) -> 8 | K44: =INDEX(Sheet1!B:B,MATCH('Untitled Report_Insights_2025-0'!C44,Sheet1!A:A,0)) -> 10 | L44: =INDEX(Sheet1!J:J,MATCH('Untitled Report_Insights_2025-0'!E44,Sheet1!I:I,0)) -> 06-07 | M44: =D44 -> Sunday | N44: =F44 -> 38 | Q44: 2025 | R44: 5 | S44: 2 | T44: 06-07 | U44: Friday | V44: 29
A45: 2025 | B45: 45870 | C45: Aug 10, 2025 | D45: Sunday | E45: 45876 | F45: 56 | I45: =A45 -> 2025 | J45: =INDEX(Sheet1!F:F,MATCH('Untitled Report_Insights_2025-0'!B45,Sheet1!E:E,0)) -> 8 | K45: =INDEX(Sheet1!B:B,MATCH('Untitled Report_Insights_2025-0'!C45,Sheet1!A:A,0)) -> 10 | L45: =INDEX(Sheet1!J:J,MATCH('Untitled Report_Insights_2025-0'!E45,Sheet1!I:I,0)) -> 07-08 | M45: =D45 -> Sunday | N45: =F45 -> 56 | Q45: 2025 | R45: 5 | S45: 2 | T45: 07-08 | U45: Friday | V45: 67
A46: 2025 | B46: 45870 | C46: Aug 10, 2025 | D46: Sunday | E46: 45908 | F46: 118 | I46: =A46 -> 2025 | J46: =INDEX(Sheet1!F:F,MATCH('Untitled Report_Insights_2025-0'!B46,Sheet1!E:E,0)) -> 8 | K46: =INDEX(Sheet1!B:B,MATCH('Untitled Report_Insights_2025-0'!C46,Sheet1!A:A,0)) -> 10 | L46: =INDEX(Sheet1!J:J,MATCH('Untitled Report_Insights_2025-0'!E46,Sheet1!I:I,0)) -> 08-09 | M46: =D46 -> Sunday | N46: =F46 -> 118 | Q46: 2025 | R46: 5 | S46: 2 | T46: 08-09 | U46: Friday | V46: 104
A47: 2025 | B47: 45870 | C47: Aug 10, 2025 | D47: Sunday | E47: 45939 | F47: 201 | I47: =A47 -> 2025 | J47: =INDEX(Sheet1!F:F,MATCH('Untitled Report_Insights_2025-0'!B47,Sheet1!E:E,0)) -> 8 | K47: =INDEX(Sheet1!B:B,MATCH('Untitled Report_Insights_2025-0'!C47,Sheet1!A:A,0)) -> 10 | L47: =INDEX(Sheet1!J:J,MATCH('Untitled Report_Insights_2025-0'!E47,Sheet1!I:I,0)) -> 09-10 | M47: =D47 -> Sunday | N47: =F47 -> 201 | Q47: 2025 | R47: 5 | S47: 2 | T47: 09-10 | U47: Friday | V47: 165
A48: 2025 | B48: 45870 | C48: Aug 10, 2025 | D48: Sunday | E48: 45971 | F48: 345 | I48: =A48 -> 2025 | J48: =INDEX(Sheet1!F:F,MATCH('Untitled Report_Insights_2025-0'!B48,Sheet1!E:E,0)) -> 8 | K48: =INDEX(Sheet1!B:B,MATCH('Untitled Report_Insights_2025-0'!C48,Sheet1!A:A,0)) -> 10 | L48: =INDEX(Sheet1!J:J,MATCH('Untitled Report_Insights_2025-0'!E48,Sheet1!I:I,0)) -> 10-11 | M48: =D48 -> Sunday | N48: =F48 -> 345 | Q48: 2025 | R48: 5 | S48: 2 | T48: 10-11 | U48: Friday | V48: 203
A49: 2025 | B49: 45870 | C49: Aug 10, 2025 | D49: Sunday | E49: 46002 | F49: 492 | I49: =A49 -> 2025 | J49: =INDEX(Sheet1!F:F,MATCH('Untitled Report_Insights_2025-0'!B49,Sheet1!E:E,0)) -> 8 | K49: =INDEX(Sheet1!B:B,MATCH('Untitled Report_Insights_2025-0'!C49,Sheet1!A:A,0)) -> 10 | L49: =INDEX(Sheet1!J:J,MATCH('Untitled Report_Insights_2025-0'!E49,Sheet1!I:I,0)) -> 11-12 | M49: =D49 -> Sunday | N49: =F49 -> 492 | Q49: 2025 | R49: 5 | S49: 2 | T49: 11-12 | U49: Friday | V49: 268
A50: 2025 | B50: 45870 | C50: Aug 10, 2025 | D50: Sunday | E50: 41609 | F50: 598 | I50: =A50 -> 2025 | J50: =INDEX(Sheet1!F:F,MATCH('Untitled Report_Insights_2025-0'!B50,Sheet1!E:E,0)) -> 8 | K50: =INDEX(Sheet1!B:B,MATCH('Untitled Report_Insights_2025-0'!C50,Sheet1!A:A,0)) -> 10 | L50: =INDEX(Sheet1!J:J,MATCH('Untitled Report_Insights_2025-0'!E50,Sheet1!I:I,0)) -> 12-13 | M50: =D50 -> Sunday | N50: =F50 -> 598 | Q50: 2025 | R50: 5 | S50: 2 | T50: 12-13 | U50: Friday | V50: 254
A51: 2025 | B51: 45870 | C51: Aug 10, 2025 | D51: Sunday | E51: 13-14 | F51: 718 | I51: =A51 -> 2025 | J51: =INDEX(Sheet1!F:F,MATCH('Untitled Report_Insights_2025-0'!B51,Sheet1!E:E,0)) -> 8 | K51: =INDEX(Sheet1!B:B,MATCH('Untitled Report_Insights_2025-0'!C51,Sheet1!A:A,0)) -> 10 | L51: =INDEX(Sheet1!J:J,MATCH('Untitled Report_Insights_2025-0'!E51,Sheet1!I:I,0)) -> 13-14 | M51: =D51 -> Sunday | N51: =F51 -> 718 | Q51: 2025 | R51: 5 | S51: 2 | T51: 13-14 | U51: Friday | V51: 305
A52: 2025 | B52: 45870 | C52: Aug 10, 2025 | D52: Sunday | E52: 14-15 | F52: 708 | I52: =A52 -> 2025 | J52: =INDEX(Sheet1!F:F,MATCH('Untitled Report_Insights_2025-0'!B52,Sheet1!E:E,0)) -> 8 | K52: =INDEX(Sheet1!B:B,MATCH('Untitled Report_Insights_2025-0'!C52,Sheet1!A:A,0)) -> 10 | L52: =INDEX(Sheet1!J:J,MATCH('Untitled Report_Insights_2025-0'!E52,Sheet1!I:I,0)) -> 14-15 | M52: =D52 -> Sunday | N52: =F52 -> 708 | Q52: 2025 | R52: 5 | S52: 2 | T52: 14-15 | U52: Friday | V52: 382
A53: 2025 | B53: 45870 | C53: Aug 10, 2025 | D53: Sunday | E53: 15-16 | F53: 685 | I53: =A53 -> 2025 | J53: =INDEX(Sheet1!F:F,MATCH('Untitled Report_Insights_2025-0'!B53,Sheet1!E:E,0)) -> 8 | K53: =INDEX(Sheet1!B:B,MATCH('Untitled Report_Insights_2025-0'!C53,Sheet1!A:A,0)) -> 10 | L53: =INDEX(Sheet1!J:J,MATCH('Untitled Report_Insights_2025-0'!E53,Sheet1!I:I,0)) -> 15-16 | M53: =D53 -> Sunday | N53: =F53 -> 685 | Q53: 2025 | R53: 5 | S53: 2 | T53: 15-16 | U53: Friday | V53: 339
A54: 2025 | B54: 45870 | C54: Aug 10, 2025 | D54: Sunday | E54: 16-17 | F54: 673 | I54: =A54 -> 2025 | J54: =INDEX(Sheet1!F:F,MATCH('Untitled Report_Insights_2025-0'!B54,Sheet1!E:E,0)) -> 8 | K54: =INDEX(Sheet1!B:B,MATCH('Untitled Report_Insights_2025-0'!C54,Sheet1!A:A,0)) -> 10 | L54: =INDEX(Sheet1!J:J,MATCH('Untitled Report_Insights_2025-0'!E54,Sheet1!I:I,0)) -> 16-17 | M54: =D54 -> Sunday | N54: =F54 -> 673 | Q54: 2025 | R54: 5 | S54: 2 | T54: 16-17 | U54: Friday | V54: 371
A55: 2025 | B55: 45870 | C55: Aug 10, 2025 | D55: Sunday | E55: 17-18 | F55: 646 | I55: =A55 -> 2025 | J55: =INDEX(Sheet1!F:F,MATCH('Untitled Report_Insights_2025-0'!B55,Sheet1!E:E,0)) -> 8 | K55: =INDEX(Sheet1!B:B,MATCH('Untitled Report_Insights_2025-0'!C55,Sheet1!A:A,0)) -> 10 | L55: =INDEX(Sheet1!J:J,MATCH('Untitled Report_Insights_2025-0'!E55,Sheet1!I:I,0)) -> 17-18 | M55: =D55 -> Sunday | N55: =F55 -> 646 | Q55: 2025 | R55: 5 | S55: 2 | T55: 17-18 | U55: Friday | V55: 308
A56: 2025 | B56: 45870 | C56: Aug 10, 2025 | D56: Sunday | E56: 18-19 | F56: 572 | I56: =A56 -> 2025 | J56: =INDEX(Sheet1!F:F,MATCH('Untitled Report_Insights_2025-0'!B56,Sheet1!E:E,0)) -> 8 | K56: =INDEX(Sheet1!B:B,MATCH('Untitled Report_Insights_2025-0'!C56,Sheet1!A:A,0)) -> 10 | L56: =INDEX(Sheet1!J:J,MATCH('Untitled Report_Insights_2025-0'!E56,Sheet1!I:I,0)) -> 18-19 | M56: =D56 -> Sunday | N56: =F56 -> 572 | Q56: 2025 | R56: 5 | S56: 2 | T56: 18-19 | U56: Friday | V56: 308
A57: 2025 | B57: 45870 | C57: Aug 10, 2025 | D57: Sunday | E57: 19-20 | F57: 430 | I57: =A57 -> 2025 | J57: =INDEX(Sheet1!F:F,MATCH('Untitled Report_Insights_2025-0'!B57,Sheet1!E:E,0)) -> 8 | K57: =INDEX(Sheet1!B:B,MATCH('Untitled Report_Insights_2025-0'!C57,Sheet1!A:A,0)) -> 10 | L57: =INDEX(Sheet1!J:J,MATCH('Untitled Report_Insights_2025-0'!E57,Sheet1!I:I,0)) -> 19-20 | M57: =D57 -> Sunday | N57: =F57 -> 430 | Q57: 2025 | R57: 5 | S57: 2 | T57: 19-20 | U57: Friday | V57: 217
A58: 2025 | B58: 45870 | C58: Aug 10, 2025 | D58: Sunday | E58: 20-21 | F58: 379 | I58: =A58 -> 2025 | J58: =INDEX(Sheet1!F:F,MATCH('Untitled Report_Insights_2025-0'!B58,Sheet1!E:E,0)) -> 8 | K58: =INDEX(Sheet1!B:B,MATCH('Untitled Report_Insights_2025-0'!C58,Sheet1!A:A,0)) -> 10 | L58: =INDEX(Sheet1!J:J,MATCH('Untitled Report_Insights_2025-0'!E58,Sheet1!I:I,0)) -> 20-21 | M58: =D58 -> Sunday | N58: =F58 -> 379 | Q58: 2025 | R58: 5 | S58: 2 | T58: 20-21 | U58: Friday | V58: 147
A59: 2025 | B59: 45870 | C59: Aug 10, 2025 | D59: Sunday | E59: 21-22 | F59: 284 | I59: =A59 -> 2025 | J59: =INDEX(Sheet1!F:F,MATCH('Untitled Report_Insights_2025-0'!B59,Sheet1!E:E,0)) -> 8 | K59: =INDEX(Sheet1!B:B,MATCH('Untitled Report_Insights_2025-0'!C59,Sheet1!A:A,0)) -> 10 | L59: =INDEX(Sheet1!J:J,MATCH('Untitled Report_Insights_2025-0'!E59,Sheet1!I:I,0)) -> 21-22 | M59: =D59 -> Sunday | N59: =F59 -> 284 | Q59: 2025 | R59: 5 | S59: 2 | T59: 21-22 | U59: Friday | V59: 141
A60: 2025 | B60: 45870 | C60: Aug 10, 2025 | D60: Sunday | E60: 22-23 | F60: 193 | I60: =A60 -> 2025 | J60: =INDEX(Sheet1!F:F,MATCH('Untitled Report_Insights_2025-0'!B60,Sheet1!E:E,0)) -> 8 | K60: =INDEX(Sheet1!B:B,MATCH('Untitled Report_Insights_2025-0'!C60,Sheet1!A:A,0)) -> 10 | L60: =INDEX(Sheet1!J:J,MATCH('Untitled Report_Insights_2025-0'!E60,Sheet1!I:I,0)) -> 22-23 | M60: =D60 -> Sunday | N60: =F60 -> 193 | Q60: 2025 | R60: 5 | S60: 2 | T60: 22-23 | U60: Friday | V60: 110
A61: 2025 | B61: 45870 | C61: Aug 10, 2025 | D61: Sunday | E61: 23-00 | F61: 101 | I61: =A61 -> 2025 | J61: =INDEX(Sheet1!F:F,MATCH('Untitled Report_Insights_2025-0'!B61,Sheet1!E:E,0)) -> 8 | K61: =INDEX(Sheet1!B:B,MATCH('Untitled Report_Insights_2025-0'!C61,Sheet1!A:A,0)) -> 10 | L61: =INDEX(Sheet1!J:J,MATCH('Untitled Report_Insights_2025-0'!E61,Sheet1!I:I,0)) -> 23-00 | M61: =D61 -> Sunday | N61: =F61 -> 101 | Q61: 2025 | R61: 5 | S61: 2 | T61: 23-00 | U61: Friday | V61: 77
A62: 2025 | B62: 45870 | C62: Aug 11, 2025 | D62: Monday | E62: 00-01 | F62: 48 | I62: =A62 -> 2025 | J62: =INDEX(Sheet1!F:F,MATCH('Untitled Report_Insights_2025-0'!B62,Sheet1!E:E,0)) -> 8 | K62: =INDEX(Sheet1!B:B,MATCH('Untitled Report_Insights_2025-0'!C62,Sheet1!A:A,0)) -> 11 | L62: =INDEX(Sheet1!J:J,MATCH('Untitled Report_Insights_2025-0'!E62,Sheet1!I:I,0)) -> 00-01 | M62: =D62 -> Monday | N62: =F62 -> 48 | Q62: 2025 | R62: 5 | S62: 3 | T62: 00-01 | U62: Saturday | V62: 48
A63: 2025 | B63: 45870 | C63: Aug 11, 2025 | D63: Monday | E63: 45689 | F63: 29 | I63: =A63 -> 2025 | J63: =INDEX(Sheet1!F:F,MATCH('Untitled Report_Insights_2025-0'!B63,Sheet1!E:E,0)) -> 8 | K63: =INDEX(Sheet1!B:B,MATCH('Untitled Report_Insights_2025-0'!C63,Sheet1!A:A,0)) -> 11 | L63: =INDEX(Sheet1!J:J,MATCH('Untitled Report_Insights_2025-0'!E63,Sheet1!I:I,0)) -> 01-02 | M63: =D63 -> Monday | N63: =F63 -> 29 | Q63: 2025 | R63: 5 | S63: 3 | T63: 01-02 | U63: Saturday | V63: 26
A64: 2025 | B64: 45870 | C64: Aug 11, 2025 | D64: Monday | E64: 45718 | F64: 28 | I64: =A64 -> 2025 | J64: =INDEX(Sheet1!F:F,MATCH('Untitled Report_Insights_2025-0'!B64,Sheet1!E:E,0)) -> 8 | K64: =INDEX(Sheet1!B:B,MATCH('Untitled Report_Insights_2025-0'!C64,Sheet1!A:A,0)) -> 11 | L64: =INDEX(Sheet1!J:J,MATCH('Untitled Report_Insights_2025-0'!E64,Sheet1!I:I,0)) -> 02-03 | M64: =D64 -> Monday | N64: =F64 -> 28 | Q64: 2025 | R64: 5 | S64: 3 | T64: 02-03 | U64: Saturday | V64: 19
A65: 2025 | B65: 45870 | C65: Aug 11, 2025 | D65: Monday | E65: 45750 | F65: 8 | I65: =A65 -> 2025 | J65: =INDEX(Sheet1!F:F,MATCH('Untitled Report_Insights_2025-0'!B65,Sheet1!E:E,0)) -> 8 | K65: =INDEX(Sheet1!B:B,MATCH('Untitled Report_Insights_2025-0'!C65,Sheet1!A:A,0)) -> 11 | L65: =INDEX(Sheet1!J:J,MATCH('Untitled Report_Insights_2025-0'!E65,Sheet1!I:I,0)) -> 03-04 | M65: =D65 -> Monday | N65: =F65 -> 8 | Q65: 2025 | R65: 5 | S65: 3 | T65: 03-04 | U65: Saturday | V65: 13
A66: 2025 | B66: 45870 | C66: Aug 11, 2025 | D66: Monday | E66: 45781 | F66: 19 | I66: =A66 -> 2025 | J66: =INDEX(Sheet1!F:F,MATCH('Untitled Report_Insights_2025-0'!B66,Sheet1!E:E,0)) -> 8 | K66: =INDEX(Sheet1!B:B,MATCH('Untitled Report_Insights_2025-0'!C66,Sheet1!A:A,0)) -> 11 | L66: =INDEX(Sheet1!J:J,MATCH('Untitled Report_Insights_2025-0'!E66,Sheet1!I:I,0)) -> 04-05 | M66: =D66 -> Monday | N66: =F66 -> 19 | Q66: 2025 | R66: 5 | S66: 3 | T66: 04-05 | U66: Saturday | V66: 11
A67: 2025 | B67: 45870 | C67: Aug 11, 2025 | D67: Monday | E67: 45813 | F67: 26 | I67: =A67 -> 2025 | J67: =INDEX(Sheet1!F:F,MATCH('Untitled Report_Insights_2025-0'!B67,Sheet1!E:E,0)) -> 8 | K67: =INDEX(Sheet1!B:B,MATCH('Untitled Report_Insights_2025-0'!C67,Sheet1!A:A,0)) -> 11 | L67: =INDEX(Sheet1!J:J,MATCH('Untitled Report_Insights_2025-0'!E67,Sheet1!I:I,0)) -> 05-06 | M67: =D67 -> Monday | N67: =F67 -> 26 | Q67: 2025 | R67: 5 | S67: 3 | T67: 05-06 | U67: Saturday | V67: 11
A68: 2025 | B68: 45870 | C68: Aug 11, 2025 | D68: Monday | E68: 45844 | F68: 73 | I68: =A68 -> 2025 | J68: =INDEX(Sheet1!F:F,MATCH('Untitled Report_Insights_2025-0'!B68,Sheet1!E:E,0)) -> 8 | K68: =INDEX(Sheet1!B:B,MATCH('Untitled Report_Insights_2025-0'!C68,Sheet1!A:A,0)) -> 11 | L68: =INDEX(Sheet1!J:J,MATCH('Untitled Report_Insights_2025-0'!E68,Sheet1!I:I,0)) -> 06-07 | M68: =D68 -> Monday | N68: =F68 -> 73 | Q68: 2025 | R68: 5 | S68: 3 | T68: 06-07 | U68: Saturday | V68: 15
A69: 2025 | B69: 45870 | C69: Aug 11, 2025 | D69: Monday | E69: 45876 | F69: 97 | I69: =A69 -> 2025 | J69: =INDEX(Sheet1!F:F,MATCH('Untitled Report_Insights_2025-0'!B69,Sheet1!E:E,0)) -> 8 | K69: =INDEX(Sheet1!B:B,MATCH('Untitled Report_Insights_2025-0'!C69,Sheet1!A:A,0)) -> 11 | L69: =INDEX(Sheet1!J:J,MATCH('Untitled Report_Insights_2025-0'!E69,Sheet1!I:I,0)) -> 07-08 | M69: =D69 -> Monday | N69: =F69 -> 97 | Q69: 2025 | R69: 5 | S69: 3 | T69: 07-08 | U69: Saturday | V69: 54
A70: 2025 | B70: 45870 | C70: Aug 11, 2025 | D70: Monday | E70: 45908 | F70: 135 | I70: =A70 -> 2025 | J70: =INDEX(Sheet1!F:F,MATCH('Untitled Report_Insights_2025-0'!B70,Sheet1!E:E,0)) -> 8 | K70: =INDEX(Sheet1!B:B,MATCH('Untitled Report_Insights_2025-0'!C70,Sheet1!A:A,0)) -> 11 | L70: =INDEX(Sheet1!J:J,MATCH('Untitled Report_Insights_2025-0'!E70,Sheet1!I:I,0)) -> 08-09 | M70: =D70 -> Monday | N70: =F70 -> 135 | Q70: 2025 | R70: 5 | S70: 3 | T70: 08-09 | U70: Saturday | V70: 85
A71: 2025 | B71: 45870 | C71: Aug 11, 2025 | D71: Monday | E71: 45939 | F71: 191 | I71: =A71 -> 2025 | J71: =INDEX(Sheet1!F:F,MATCH('Untitled Report_Insights_2025-0'!B71,Sheet1!E:E,0)) -> 8 | K71: =INDEX(Sheet1!B:B,MATCH('Untitled Report_Insights_2025-0'!C71,Sheet1!A:A,0)) -> 11 | L71: =INDEX(Sheet1!J:J,MATCH('Untitled Report_Insights_2025-0'!E71,Sheet1!I:I,0)) -> 09-10 | M71: =D71 -> Monday | N71: =F71 -> 191 | Q71: 2025 | R71: 5 | S71: 3 | T71: 09-10 | U71: Saturday | V71: 158
A72: 2025 | B72: 45870 | C72: Aug 11, 2025 | D72: Monday | E72: 45971 | F72: 267 | I72: =A72 -> 2025 | J72: =INDEX(Sheet1!F:F,MATCH('Untitled Report_Insights_2025-0'!B72,Sheet1!E:E,0)) -> 8 | K72: =INDEX(Sheet1!B:B,MATCH('Untitled Report_Insights_2025-0'!C72,Sheet1!A:A,0)) -> 11 | L72: =INDEX(Sheet1!J:J,MATCH('Untitled Report_Insights_2025-0'!E72,Sheet1!I:I,0)) -> 10-11 | M72: =D72 -> Monday | N72: =F72 -> 267 | Q72: 2025 | R72: 5 | S72: 3 | T72: 10-11 | U72: Saturday | V72: 274
A73: 2025 | B73: 45870 | C73: Aug 11, 2025 | D73: Monday | E73: 46002 | F73: 291 | I73: =A73 -> 2025 | J73: =INDEX(Sheet1!F:F,MATCH('Untitled Report_Insights_2025-0'!B73,Sheet1!E:E,0)) -> 8 | K73: =INDEX(Sheet1!B:B,MATCH('Untitled Report_Insights_2025-0'!C73,Sheet1!A:A,0)) -> 11 | L73: =INDEX(Sheet1!J:J,MATCH('Untitled Report_Insights_2025-0'!E73,Sheet1!I:I,0)) -> 11-12 | M73: =D73 -> Monday | N73: =F73 -> 291 | Q73: 2025 | R73: 5 | S73: 3 | T73: 11-12 | U73: Saturday | V73: 292
A74: 2025 | B74: 45870 | C74: Aug 11, 2025 | D74: Monday | E74: 41609 | F74: 383 | I74: =A74 -> 2025 | J74: =INDEX(Sheet1!F:F,MATCH('Untitled Report_Insights_2025-0'!B74,Sheet1!E:E,0)) -> 8 | K74: =INDEX(Sheet1!B:B,MATCH('Untitled Report_Insights_2025-0'!C74,Sheet1!A:A,0)) -> 11 | L74: =INDEX(Sheet1!J:J,MATCH('Untitled Report_Insights_2025-0'!E74,Sheet1!I:I,0)) -> 12-13 | M74: =D74 -> Monday | N74: =F74 -> 383 | Q74: 2025 | R74: 5 | S74: 3 | T74: 12-13 | U74: Saturday | V74: 353
A75: 2025 | B75: 45870 | C75: Aug 11, 2025 | D75: Monday | E75: 13-14 | F75: 360 | I75: =A75 -> 2025 | J75: =INDEX(Sheet1!F:F,MATCH('Untitled Report_Insights_2025-0'!B75,Sheet1!E:E,0)) -> 8 | K75: =INDEX(Sheet1!B:B,MATCH('Untitled Report_Insights_2025-0'!C75,Sheet1!A:A,0)) -> 11 | L75: =INDEX(Sheet1!J:J,MATCH('Untitled Report_Insights_2025-0'!E75,Sheet1!I:I,0)) -> 13-14 | M75: =D75 -> Monday | N75: =F75 -> 360 | Q75: 2025 | R75: 5 | S75: 3 | T75: 13-14 | U75: Saturday | V75: 315
A76: 2025 | B76: 45870 | C76: Aug 11, 2025 | D76: Monday | E76: 14-15 | F76: 376 | I76: =A76 -> 2025 | J76: =INDEX(Sheet1!F:F,MATCH('Untitled Report_Insights_2025-0'!B76,Sheet1!E:E,0)) -> 8 | K76: =INDEX(Sheet1!B:B,MATCH('Untitled Report_Insights_2025-0'!C76,Sheet1!A:A,0)) -> 11 | L76: =INDEX(Sheet1!J:J,MATCH('Untitled Report_Insights_2025-0'!E76,Sheet1!I:I,0)) -> 14-15 | M76: =D76 -> Monday | N76: =F76 -> 376 | Q76: 2025 | R76: 5 | S76: 3 | T76: 14-15 | U76: Saturday | V76: 379
A77: 2025 | B77: 45870 | C77: Aug 11, 2025 | D77: Monday | E77: 15-16 | F77: 372 | I77: =A77 -> 2025 | J77: =INDEX(Sheet1!F:F,MATCH('Untitled Report_Insights_2025-0'!B77,Sheet1!E:E,0)) -> 8 | K77: =INDEX(Sheet1!B:B,MATCH('Untitled Report_Insights_2025-0'!C77,Sheet1!A:A,0)) -> 11 | L77: =INDEX(Sheet1!J:J,MATCH('Untitled Report_Insights_2025-0'!E77,Sheet1!I:I,0)) -> 15-16 | M77: =D77 -> Monday | N77: =F77 -> 372 | Q77: 2025 | R77: 5 | S77: 3 | T77: 15-16 | U77: Saturday | V77: 322
A78: 2025 | B78: 45870 | C78: Aug 11, 2025 | D78: Monday | E78: 16-17 | F78: 369 | I78: =A78 -> 2025 | J78: =INDEX(Sheet1!F:F,MATCH('Untitled Report_Insights_2025-0'!B78,Sheet1!E:E,0)) -> 8 | K78: =INDEX(Sheet1!B:B,MATCH('Untitled Report_Insights_2025-0'!C78,Sheet1!A:A,0)) -> 11 | L78: =INDEX(Sheet1!J:J,MATCH('Untitled Report_Insights_2025-0'!E78,Sheet1!I:I,0)) -> 16-17 | M78: =D78 -> Monday | N78: =F78 -> 369 | Q78: 2025 | R78: 5 | S78: 3 | T78: 16-17 | U78: Saturday | V78: 330
A79: 2025 | B79: 45870 | C79: Aug 11, 2025 | D79: Monday | E79: 17-18 | F79: 352 | I79: =A79 -> 2025 | J79: =INDEX(Sheet1!F:F,MATCH('Untitled Report_Insights_2025-0'!B79,Sheet1!E:E,0)) -> 8 | K79: =INDEX(Sheet1!B:B,MATCH('Untitled Report_Insights_2025-0'!C79,Sheet1!A:A,0)) -> 11 | L79: =INDEX(Sheet1!J:J,MATCH('Untitled Report_Insights_2025-0'!E79,Sheet1!I:I,0)) -> 17-18 | M79: =D79 -> Monday | N79: =F79 -> 352 | Q79: 2025 | R79: 5 | S79: 3 | T79: 17-18 | U79: Saturday | V79: 308
A80: 2025 | B80: 45870 | C80: Aug 11, 2025 | D80: Monday | E80: 18-19 | F80: 290 | I80: =A80 -> 2025 | J80: =INDEX(Sheet1!F:F,MATCH('Untitled Report_Insights_2025-0'!B80,Sheet1!E:E,0)) -> 8 | K80: =INDEX(Sheet1!B:B,MATCH('Untitled Report_Insights_2025-0'!C80,Sheet1!A:A,0)) -> 11 | L80: =INDEX(Sheet1!J:J,MATCH('Untitled Report_Insights_2025-0'!E80,Sheet1!I:I,0)) -> 18-19 | M80: =D80 -> Monday | N80: =F80 -> 290 | Q80: 2025 | R80: 5 | S80: 3 | T80: 18-19 | U80: Saturday | V80: 297
A81: 2025 | B81: 45870 | C81: Aug 11, 2025 | D81: Monday | E81: 19-20 | F81: 228 | I81: =A81 -> 2025 | J81: =INDEX(Sheet1!F:F,MATCH('Untitled Report_Insights_2025-0'!B81,Sheet1!E:E,0)) -> 8 | K81: =INDEX(Sheet1!B:B,MATCH('Untitled Report_Insights_2025-0'!C81,Sheet1!A:A,0)) -> 11 | L81: =INDEX(Sheet1!J:J,MATCH('Untitled Report_Insights_2025-0'!E81,Sheet1!I:I,0)) -> 19-20 | M81: =D81 -> Monday | N81: =F81 -> 228 | Q81: 2025 | R81: 5 | S81: 3 | T81: 19-20 | U81: Saturday | V81: 228
A82: 2025 | B82: 45870 | C82: Aug 11, 2025 | D82: Monday | E82: 20-21 | F82: 211 | I82: =A82 -> 2025 | J82: =INDEX(Sheet1!F:F,MATCH('Untitled Report_Insights_2025-0'!B82,Sheet1!E:E,0)) -> 8 | K82: =INDEX(Sheet1!B:B,MATCH('Untitled Report_Insights_2025-0'!C82,Sheet1!A:A,0)) -> 11 | L82: =INDEX(Sheet1!J:J,MATCH('Untitled Report_Insights_2025-0'!E82,Sheet1!I:I,0)) -> 20-21 | M82: =D82 -> Monday | N82: =F82 -> 211 | Q82: 2025 | R82: 5 | S82: 3 | T82: 20-21 | U82: Saturday | V82: 206
A83: 2025 | B83: 45870 | C83: Aug 11, 2025 | D83: Monday | E83: 21-22 | F83: 149 | I83: =A83 -> 2025 | J83: =INDEX(Sheet1!F:F,MATCH('Untitled Report_Insights_2025-0'!B83,Sheet1!E:E,0)) -> 8 | K83: =INDEX(Sheet1!B:B,MATCH('Untitled Report_Insights_2025-0'!C83,Sheet1!A:A,0)) -> 11 | L83: =INDEX(Sheet1!J:J,MATCH('Untitled Report_Insights_2025-0'!E83,Sheet1!I:I,0)) -> 21-22 | M83: =D83 -> Monday | N83: =F83 -> 149 | Q83: 2025 | R83: 5 | S83: 3 | T83: 21-22 | U83: Saturday | V83: 180
A84: 2025 | B84: 45870 | C84: Aug 11, 2025 | D84: Monday | E84: 22-23 | F84: 113 | I84: =A84 -> 2025 | J84: =INDEX(Sheet1!F:F,MATCH('Untitled Report_Insights_2025-0'!B84,Sheet1!E:E,0)) -> 8 | K84: =INDEX(Sheet1!B:B,MATCH('Untitled Report_Insights_2025-0'!C84,Sheet1!A:A,0)) -> 11 | L84: =INDEX(Sheet1!J:J,MATCH('Untitled Report_Insights_2025-0'!E84,Sheet1!I:I,0)) -> 22-23 | M84: =D84 -> Monday | N84: =F84 -> 113 | Q84: 2025 | R84: 5 | S84: 3 | T84: 22-23 | U84: Saturday | V84: 137
A85: 2025 | B85: 45870 | C85: Aug 11, 2025 | D85: Monday | E85: 23-00 | F85: 79 | I85: =A85 -> 2025 | J85: =INDEX(Sheet1!F:F,MATCH('Untitled Report_Insights_2025-0'!B85,Sheet1!E:E,0)) -> 8 | K85: =INDEX(Sheet1!B:B,MATCH('Untitled Report_Insights_2025-0'!C85,Sheet1!A:A,0)) -> 11 | L85: =INDEX(Sheet1!J:J,MATCH('Untitled Report_Insights_2025-0'!E85,Sheet1!I:I,0)) -> 23-00 | M85: =D85 -> Monday | N85: =F85 -> 79 | Q85: 2025 | R85: 5 | S85: 3 | T85: 23-00 | U85: Saturday | V85: 80
A86: 2025 | B86: 45870 | C86: Aug 12, 2025 | D86: Tuesday | E86: 00-01 | F86: 40 | I86: =A86 -> 2025 | J86: =INDEX(Sheet1!F:F,MATCH('Untitled Report_Insights_2025-0'!B86,Sheet1!E:E,0)) -> 8 | K86: =INDEX(Sheet1!B:B,MATCH('Untitled Report_Insights_2025-0'!C86,Sheet1!A:A,0)) -> 12 | L86: =INDEX(Sheet1!J:J,MATCH('Untitled Report_Insights_2025-0'!E86,Sheet1!I:I,0)) -> 00-01 | M86: =D86 -> Tuesday | N86: =F86 -> 40 | Q86: 2025 | R86: 5 | S86: 4 | T86: 00-01 | U86: Sunday | V86: 57
A87: 2025 | B87: 45870 | C87: Aug 12, 2025 | D87: Tuesday | E87: 45689 | F87: 17 | I87: =A87 -> 2025 | J87: =INDEX(Sheet1!F:F,MATCH('Untitled Report_Insights_2025-0'!B87,Sheet1!E:E,0)) -> 8 | K87: =INDEX(Sheet1!B:B,MATCH('Untitled Report_Insights_2025-0'!C87,Sheet1!A:A,0)) -> 12 | L87: =INDEX(Sheet1!J:J,MATCH('Untitled Report_Insights_2025-0'!E87,Sheet1!I:I,0)) -> 01-02 | M87: =D87 -> Tuesday | N87: =F87 -> 17 | Q87: 2025 | R87: 5 | S87: 4 | T87: 01-02 | U87: Sunday | V87: 44
A88: 2025 | B88: 45870 | C88: Aug 12, 2025 | D88: Tuesday | E88: 45718 | F88: 14 | I88: =A88 -> 2025 | J88: =INDEX(Sheet1!F:F,MATCH('Untitled Report_Insights_2025-0'!B88,Sheet1!E:E,0)) -> 8 | K88: =INDEX(Sheet1!B:B,MATCH('Untitled Report_Insights_2025-0'!C88,Sheet1!A:A,0)) -> 12 | L88: =INDEX(Sheet1!J:J,MATCH('Untitled Report_Insights_2025-0'!E88,Sheet1!I:I,0)) -> 02-03 | M88: =D88 -> Tuesday | N88: =F88 -> 14 | Q88: 2025 | R88: 5 | S88: 4 | T88: 02-03 | U88: Sunday | V88: 32
A89: 2025 | B89: 45870 | C89: Aug 12, 2025 | D89: Tuesday | E89: 45750 | F89: 10 | I89: =A89 -> 2025 | J89: =INDEX(Sheet1!F:F,MATCH('Untitled Report_Insights_2025-0'!B89,Sheet1!E:E,0)) -> 8 | K89: =INDEX(Sheet1!B:B,MATCH('Untitled Report_Insights_2025-0'!C89,Sheet1!A:A,0)) -> 12 | L89: =INDEX(Sheet1!J:J,MATCH('Untitled Report_Insights_2025-0'!E89,Sheet1!I:I,0)) -> 03-04 | M89: =D89 -> Tuesday | N89: =F89 -> 10 | Q89: 2025 | R89: 5 | S89: 4 | T89: 03-04 | U89: Sunday | V89: 17
A90: 2025 | B90: 45870 | C90: Aug 12, 2025 | D90: Tuesday | E90: 45781 | F90: 8 | I90: =A90 -> 2025 | J90: =INDEX(Sheet1!F:F,MATCH('Untitled Report_Insights_2025-0'!B90,Sheet1!E:E,0)) -> 8 | K90: =INDEX(Sheet1!B:B,MATCH('Untitled Report_Insights_2025-0'!C90,Sheet1!A:A,0)) -> 12 | L90: =INDEX(Sheet1!J:J,MATCH('Untitled Report_Insights_2025-0'!E90,Sheet1!I:I,0)) -> 04-05 | M90: =D90 -> Tuesday | N90: =F90 -> 8 | Q90: 2025 | R90: 5 | S90: 4 | T90: 04-05 | U90: Sunday | V90: 15
A91: 2025 | B91: 45870 | C91: Aug 12, 2025 | D91: Tuesday | E91: 45813 | F91: 15 | I91: =A91 -> 2025 | J91: =INDEX(Sheet1!F:F,MATCH('Untitled Report_Insights_2025-0'!B91,Sheet1!E:E,0)) -> 8 | K91: =INDEX(Sheet1!B:B,MATCH('Untitled Report_Insights_2025-0'!C91,Sheet1!A:A,0)) -> 12 | L91: =INDEX(Sheet1!J:J,MATCH('Untitled Report_Insights_2025-0'!E91,Sheet1!I:I,0)) -> 05-06 | M91: =D91 -> Tuesday | N91: =F91 -> 15 | Q91: 2025 | R91: 5 | S91: 4 | T91: 05-06 | U91: Sunday | V91: 17
A92: 2025 | B92: 45870 | C92: Aug 12, 2025 | D92: Tuesday | E92: 45844 | F92: 55 | I92: =A92 -> 2025 | J92: =INDEX(Sheet1!F:F,MATCH('Untitled Report_Insights_2025-0'!B92,Sheet1!E:E,0)) -> 8 | K92: =INDEX(Sheet1!B:B,MATCH('Untitled Report_Insights_2025-0'!C92,Sheet1!A:A,0)) -> 12 | L92: =INDEX(Sheet1!J:J,MATCH('Untitled Report_Insights_2025-0'!E92,Sheet1!I:I,0)) -> 06-07 | M92: =D92 -> Tuesday | N92: =F92 -> 55 | Q92: 2025 | R92: 5 | S92: 4 | T92: 06-07 | U92: Sunday | V92: 27
A93: 2025 | B93: 45870 | C93: Aug 12, 2025 | D93: Tuesday | E93: 45876 | F93: 90 | I93: =A93 -> 2025 | J93: =INDEX(Sheet1!F:F,MATCH('Untitled Report_Insights_2025-0'!B93,Sheet1!E:E,0)) -> 8 | K93: =INDEX(Sheet1!B:B,MATCH('Untitled Report_Insights_2025-0'!C93,Sheet1!A:A,0)) -> 12 | L93: =INDEX(Sheet1!J:J,MATCH('Untitled Report_Insights_2025-0'!E93,Sheet1!I:I,0)) -> 07-08 | M93: =D93 -> Tuesday | N93: =F93 -> 90 | Q93: 2025 | R93: 5 | S93: 4 | T93: 07-08 | U93: Sunday | V93: 40
A94: 2025 | B94: 45870 | C94: Aug 12, 2025 | D94: Tuesday | E94: 45908 | F94: 143 | I94: =A94 -> 2025 | J94: =INDEX(Sheet1!F:F,MATCH('Untitled Report_Insights_2025-0'!B94,Sheet1!E:E,0)) -> 8 | K94: =INDEX(Sheet1!B:B,MATCH('Untitled Report_Insights_2025-0'!C94,Sheet1!A:A,0)) -> 12 | L94: =INDEX(Sheet1!J:J,MATCH('Untitled Report_Insights_2025-0'!E94,Sheet1!I:I,0)) -> 08-09 | M94: =D94 -> Tuesday | N94: =F94 -> 143 | Q94: 2025 | R94: 5 | S94: 4 | T94: 08-09 | U94: Sunday | V94: 83
A95: 2025 | B95: 45870 | C95: Aug 12, 2025 | D95: Tuesday | E95: 45939 | F95: 184 | I95: =A95 -> 2025 | J95: =INDEX(Sheet1!F:F,MATCH('Untitled Report_Insights_2025-0'!B95,Sheet1!E:E,0)) -> 8 | K95: =INDEX(Sheet1!B:B,MATCH('Untitled Report_Insights_2025-0'!C95,Sheet1!A:A,0)) -> 12 | L95: =INDEX(Sheet1!J:J,MATCH('Untitled Report_Insights_2025-0'!E95,Sheet1!I:I,0)) -> 09-10 | M95: =D95 -> Tuesday | N95: =F95 -> 184 | Q95: 2025 | R95: 5 | S95: 4 | T95: 09-10 | U95: Sunday | V95: 150
A96: 2025 | B96: 45870 | C96: Aug 12, 2025 | D96: Tuesday | E96: 45971 | F96: 216 | I96: =A96 -> 2025 | J96: =INDEX(Sheet1!F:F,MATCH('Untitled Report_Insights_2025-0'!B96,Sheet1!E:E,0)) -> 8 | K96: =INDEX(Sheet1!B:B,MATCH('Untitled Report_Insights_2025-0'!C96,Sheet1!A:A,0)) -> 12 | L96: =INDEX(Sheet1!J:J,MATCH('Untitled Report_Insights_2025-0'!E96,Sheet1!I:I,0)) -> 10-11 | M96: =D96 -> Tuesday | N96: =F96 -> 216 | Q96: 2025 | R96: 5 | S96: 4 | T96: 10-11 | U96: Sunday | V96: 273
A97: 2025 | B97: 45870 | C97: Aug 12, 2025 | D97: Tuesday | E97: 46002 | F97: 261 | I97: =A97 -> 2025 | J97: =INDEX(Sheet1!F:F,MATCH('Untitled Report_Insights_2025-0'!B97,Sheet1!E:E,0)) -> 8 | K97: =INDEX(Sheet1!B:B,MATCH('Untitled Report_Insights_2025-0'!C97,Sheet1!A:A,0)) -> 12 | L97: =INDEX(Sheet1!J:J,MATCH('Untitled Report_Insights_2025-0'!E97,Sheet1!I:I,0)) -> 11-12 | M97: =D97 -> Tuesday | N97: =F97 -> 261 | Q97: 2025 | R97: 5 | S97: 4 | T97: 11-12 | U97: Sunday | V97: 376
A98: 2025 | B98: 45870 | C98: Aug 12, 2025 | D98: Tuesday | E98: 41609 | F98: 295 | I98: =A98 -> 2025 | J98: =INDEX(Sheet1!F:F,MATCH('Untitled Report_Insights_2025-0'!B98,Sheet1!E:E,0)) -> 8 | K98: =INDEX(Sheet1!B:B,MATCH('Untitled Report_Insights_2025-0'!C98,Sheet1!A:A,0)) -> 12 | L98: =INDEX(Sheet1!J:J,MATCH('Untitled Report_Insights_2025-0'!E98,Sheet1!I:I,0)) -> 12-13 | M98: =D98 -> Tuesday | N98: =F98 -> 295 | Q98: 2025 | R98: 5 | S98: 4 | T98: 12-13 | U98: Sunday | V98: 508
A99: 2025 | B99: 45870 | C99: Aug 12, 2025 | D99: Tuesday | E99: 13-14 | F99: 280 | I99: =A99 -> 2025 | J99: =INDEX(Sheet1!F:F,MATCH('Untitled Report_Insights_2025-0'!B99,Sheet1!E:E,0)) -> 8 | K99: =INDEX(Sheet1!B:B,MATCH('Untitled Report_Insights_2025-0'!C99,Sheet1!A:A,0)) -> 12 | L99: =INDEX(Sheet1!J:J,MATCH('Untitled Report_Insights_2025-0'!E99,Sheet1!I:I,0)) -> 13-14 | M99: =D99 -> Tuesday | N99: =F99 -> 280 | Q99: 2025 | R99: 5 | S99: 4 | T99: 13-14 | U99: Sunday | V99: 557
A100: 2025 | B100: 45870 | C100: Aug 12, 2025 | D100: Tuesday | E100: 14-15 | F100: 328 | I100: =A100 -> 2025 | J100: =INDEX(Sheet1!F:F,MATCH('Untitled Report_Insights_2025-0'!B100,Sheet1!E:E,0)) -> 8 | K100: =INDEX(Sheet1!B:B,MATCH('Untitled Report_Insights_2025-0'!C100,Sheet1!A:A,0)) -> 12 | L100: =INDEX(Sheet1!J:J,MATCH('Untitled Report_Insights_2025-0'!E100,Sheet1!I:I,0)) -> 14-15 | M100: =D100 -> Tuesday | N100: =F100 -> 328 | Q100: 2025 | R100: 5 | S100: 4 | T100: 14-15 | U100: Sunday | V100: 544
...

Sheet Sheet1
A1: Apr 30, 2025 | B1: 30 | E1: 45748 | F1: 4 | I1: Hour
A2: Aug 1, 2025 | B2: 1 | E2: 45870 | F2: 8 | I2: 00-01 | J2: 00-01
A3: Aug 10, 2025 | B3: 10 | E3: 45992 | F3: 12 | I3: 45750 | J3: 03-04
A4: Aug 11, 2025 | B4: 11 | E4: 45839 | F4: 7 | I4: 45781 | J4: 04-05
A5: Aug 12, 2025 | B5: 12 | E5: 45809 | F5: 6 | I5: 45813 | J5: 05-06
A6: Aug 13, 2025 | B6: 13 | E6: 45778 | F6: 5 | I6: 45844 | J6: 06-07
A7: Aug 14, 2025 | B7: 14 | E7: 45962 | F7: 11 | I7: 45876 | J7: 07-08
A8: Aug 15, 2025 | B8: 15 | E8: 45931 | F8: 10 | I8: 45908 | J8: 08-09
A9: Aug 16, 2025 | B9: 16 | E9: 45901 | F9: 9 | I9: 45939 | J9: 09-10
A10: Aug 17, 2025 | B10: 17 | I10: 45971 | J10: 10-11
A11: Aug 18, 2025 | B11: 18 | I11: 46002 | J11: 11-12
A12: Aug 19, 2025 | B12: 19 | I12: 41609 | J12: 12-13
A13: Aug 2, 2025 | B13: 2 | I13: 20-21 | J13: 20-21
A14: Aug 20, 2025 | B14: 20 | I14: 45689 | J14: 01-02
A15: Aug 21, 2025 | B15: 21 | I15: 45718 | J15: 02-03
A16: Aug 22, 2025 | B16: 22 | I16: 13-14 | J16: 13-14
A17: Aug 23, 2025 | B17: 23 | I17: 14-15 | J17: 14-15
A18: Aug 24, 2025 | B18: 24 | I18: 15-16 | J18: 15-16
A19: Aug 25, 2025 | B19: 25 | I19: 16-17 | J19: 16-17
A20: Aug 26, 2025 | B20: 26 | I20: 17-18 | J20: 17-18
A21: Aug 27, 2025 | B21: 27 | I21: 18-19 | J21: 18-19
A22: Aug 28, 2025 | B22: 28 | I22: 19-20 | J22: 19-20
A23: Aug 29, 2025 | B23: 29 | I23: 21-22 | J23: 21-22
A24: Aug 3, 2025 | B24: 3 | I24: 22-23 | J24: 22-23
A25: Aug 30, 2025 | B25: 30 | I25: 23-00 | J25: 23-00
A26: Aug 31, 2025 | B26: 31
A27: Aug 4, 2025 | B27: 4
A28: Aug 5, 2025 | B28: 5
A29: Aug 6, 2025 | B29: 6
A30: Aug 7, 2025 | B30: 7
A31: Aug 8, 2025 | B31: 8
A32: Aug 9, 2025 | B32: 9
A33: Dec 1, 2025 | B33: 1
A34: Dec 2, 2025 | B34: 2
A35: Dec 3, 2025 | B35: 3
A36: Dec 4, 2025 | B36: 4
A37: Dec 5, 2025 | B37: 5
... A224: Sep 9, 2025 | B224: 9
